source,pollster,time,seat,primary,ALP,COA,GRN,OTH,tweet_id
ghost,ReachTEL,2019-01-27 12:40:02,Flinders,false,51.0,49.0,N/A,N/A,1.0895032949746812e+18
ghost,ReachTEL,2019-01-25 10:15:57,Higgins,true,24.8,36.9,17.7,5.1,1.088742261133783e+18
ghost,ReachTEL,2019-01-25 10:15:01,Higgins,false,52.0,48.0,N/A,N/A,1.0887420272593716e+18
ghost,ReachTEL,2018-12-16 10:19:23,Kooyong,false,52.0,48.0,N/A,N/A,1.0742476116100588e+18
ghost,ReachTEL,2018-12-04 11:52:01,Corangamite,true,40.9,32.2,11.2,0,1.0699222661237105e+18
ghost,ReachTEL,2018-12-04 11:50:52,Corangamite,false,59.0,41.0,N/A,N/A,1.0699219802482484e+18
ghost,Galaxy,2018-11-13 21:24:22,Richmond,true,49.0,0,42.0,0,1.062456158919639e+18
ghost,Galaxy,2018-11-13 21:23:39,Richmond,false,54.0,0,N/A,N/A,1.062455978891735e+18
ghost,Galaxy,2018-11-13 21:21:16,Geelong,false,56.0,44.0,N/A,N/A,1.0624553796598784e+18
ghost,Galaxy,2018-11-12 10:46:34,Mordialloc,true,41.0,42.0,7.0,0,1.0619332619480516e+18
ghost,Galaxy,2018-11-12 10:45:52,Mordialloc,false,52.0,48.0,N/A,N/A,1.061933088874234e+18
ghost,Galaxy,2018-11-12 10:45:14,Frankston,true,42.0,43.0,6.0,0,1.06193292823663e+18
ghost,Galaxy,2018-11-12 10:44:39,Frankston,false,51.0,49.0,N/A,N/A,1.0619327799007846e+18
ghost,Galaxy,2018-08-12 21:59:34,Cranbourne,false,53.0,47.0,N/A,N/A,1.028762947844096e+18
ghost,Galaxy,2018-08-12 12:04:44,Eltham,false,54.0,46.0,N/A,N/A,1.0286132506848748e+18
ghost,Galaxy,2018-08-12 12:04:07,Carrum,false,49.0,51.0,N/A,N/A,1.0286130974040842e+18
ghost,ReachTEL,2018-07-18 07:34:11,Warringah,false,40.0,60.0,N/A,N/A,1.019485469833216e+18
ghost,ReachTEL,2018-06-16 00:34:04,DarlingRange,true,37.4,31.0,3.5,0,1.0077833310380484e+18
ghost,ReachTEL,2018-06-16 00:32:11,DarlingRange,false,54.0,46.0,N/A,N/A,1.0077828563182796e+18
ghost,Galaxy,2018-05-11 07:24:55,Robertson,true,37.0,44.0,6.0,0,9.948407624572476e+17
ghost,Galaxy,2018-05-11 07:24:55,Robertson,true,37.0,44.0,6.0,0,9.948407624572476e+17
ghost,Galaxy,2018-05-11 07:23:47,Robertson,false,48.0,52.0,N/A,N/A,9.948404764686296e+17
ghost,Galaxy,2018-05-11 07:23:47,Robertson,false,48.0,52.0,N/A,N/A,9.948404764686296e+17
ghost,Galaxy,2018-05-11 07:23:08,Herbert,true,34.0,38.0,3.0,0,9.948403116995584e+17
ghost,Galaxy,2018-05-11 07:22:05,Herbert,false,49.0,51.0,N/A,N/A,9.948400493122028e+17
ghost,Galaxy,2018-05-11 07:21:27,Chisholm,true,38.0,44.0,9.0,0,9.948398909605436e+17
ghost,Galaxy,2018-05-11 07:21:27,Chisholm,true,38.0,44.0,9.0,0,9.948398909605436e+17
ghost,Galaxy,2018-05-11 07:20:35,Chisholm,false,50.0,50.0,N/A,N/A,9.948396694509856e+17
ghost,Galaxy,2018-05-11 07:20:35,Chisholm,false,50.0,50.0,N/A,N/A,9.948396694509856e+17
ghost,Galaxy,2018-03-13 06:35:28,Taylor,true,39.0,23.0,6.0,0,9.734474315085742e+17
ghost,Galaxy,2018-03-13 06:34:10,Taylor,false,51.0,0,N/A,N/A,9.734471071420416e+17
ghost,Galaxy,2018-03-13 06:32:43,Mawson,true,30.0,37.0,7.0,0,9.734467431897006e+17
ghost,Galaxy,2018-03-13 06:30:54,Mawson,false,50.0,50.0,N/A,N/A,9.734462846138614e+17
ghost,Galaxy,2018-03-13 06:29:41,Dunstan,true,30.0,44.0,8.0,0,9.734459782073016e+17
ghost,Galaxy,2018-03-13 06:29:27,Dunstan,false,47.0,53.0,N/A,N/A,9.734459188411228e+17
ghost,Galaxy,2018-03-13 06:28:16,Hartley,true,22.0,38.0,5.0,0,9.73445620756226e+17
ghost,Galaxy,2018-03-13 06:27:11,Hartley,false,0,51.0,N/A,N/A,9.734453494895698e+17
ghost,Galaxy,2018-03-05 06:24:02,Morphett,false,45.0,55.0,N/A,N/A,9.705454528472188e+17
ghost,Galaxy,2018-03-05 06:24:02,Morphett,false,45.0,55.0,N/A,N/A,9.705454528472188e+17
ghost,Galaxy,2018-03-05 06:23:43,Frome,true,15.0,44.0,3.0,36.0,9.70545373524607e+17
ghost,Galaxy,2018-03-05 06:23:02,Frome,false,0,48.0,N/A,N/A,9.705452023047537e+17
ghost,Galaxy,2018-03-05 06:22:03,Florey,true,31.0,21.0,5.0,36.0,9.70544954387841e+17
ghost,Galaxy,2018-03-05 06:21:31,Florey,false,43.0,0,N/A,N/A,9.70544818710446e+17
ghost,Galaxy,2018-03-05 06:21:31,Florey,false,43.0,0,N/A,N/A,9.70544818710446e+17
ghost,Galaxy,2018-02-26 06:16:43,Heysen,true,15.0,39.0,16.0,0,9.680068967527996e+17
ghost,Galaxy,2018-02-26 06:16:43,Heysen,true,15.0,39.0,16.0,0,9.680068967527996e+17
ghost,Galaxy,2018-02-26 06:15:50,Heysen,false,0,51.0,N/A,N/A,9.680066741610865e+17
ghost,Galaxy,2018-02-26 06:15:03,Giles,true,37.0,23.0,3.0,0,9.680064770707456e+17
ghost,Galaxy,2018-02-26 06:14:23,Giles,false,50.0,0,N/A,N/A,9.680063084304015e+17
ghost,Galaxy,2018-02-19 06:33:42,Morialta,true,21.0,40.0,6.0,0,9.65474456037503e+17
ghost,Galaxy,2018-02-19 06:32:53,Morialta,false,0,52.0,N/A,N/A,9.654742511877898e+17
ghost,Galaxy,2018-02-19 06:32:01,Lee,true,34.0,39.0,4.0,0,9.654740315027456e+17
ghost,Galaxy,2018-02-19 06:31:20,Lee,false,50.0,50.0,N/A,N/A,9.65473859137712e+17
ghost,Galaxy,2018-02-19 06:31:20,Lee,false,50.0,50.0,N/A,N/A,9.65473859137712e+17
ghost,ReachTEL,2018-02-14 20:47:59,New England,true,12.1,0,3.7,69.1,9.638775050262897e+17
ghost,ReachTEL,2018-02-14 20:47:22,New England,false,0,0,N/A,N/A,9.638773487969156e+17
ghost,ReachTEL,2018-02-14 20:47:22,New England,false,0,0,N/A,N/A,9.638773487969156e+17
ghost,Galaxy,2018-01-29 06:41:35,Mawson,true,22.0,25.0,0,0,9.578662926015036e+17
ghost,Galaxy,2018-01-29 06:41:35,Mawson,true,22.0,25.0,0,0,9.578662926015036e+17
ghost,Galaxy,2018-01-29 06:39:57,Hurtle,true,29.0,23.0,0,0,9.578658823398482e+17
ghost,Galaxy,2018-01-29 06:37:30,Hartley,true,21.0,32.0,0,0,9.578652656638976e+17
ghost,Galaxy,2018-01-29 06:36:34,Hartley,false,0,43.0,N/A,N/A,9.578650328758312e+17
ghost,Galaxy,2018-01-29 06:36:34,Hartley,false,0,43.0,N/A,N/A,9.578650328758312e+17
ghost,Galaxy,2017-12-15 11:24:28,Bennelong,true,38.0,40.0,8.0,0,9.416300315366932e+17
ghost,Galaxy,2017-12-15 11:14:44,Bennelong,false,49.0,51.0,N/A,N/A,9.416275806035558e+17
ghost,ReachTEL,2017-12-13 21:24:55,Bennelong,false,47.0,53.0,N/A,N/A,9.410563642096108e+17
ghost,Newspoll,2017-12-11 11:26:00,Bennelong,true,39.0,39.0,9.0,0,9.401808626115052e+17
ghost,Newspoll,2017-12-11 11:24:43,Bennelong,false,50.0,50.0,N/A,N/A,9.401805420661146e+17
ghost,ReachTEL,2017-11-17 22:11:21,Bennelong,true,34.5,41.6,5.9,0,9.316459620862607e+17
ghost,ReachTEL,2017-11-17 22:10:38,Bennelong,false,47.0,53.0,N/A,N/A,9.316457836312044e+17
ghost,Newspoll,2017-11-17 13:23:00,Whitsunday,false,51.0,49.0,N/A,N/A,9.315129985600676e+17
ghost,Newspoll,2017-11-17 13:20:59,Thuringowa,false,46.0,0,N/A,N/A,9.315124913429052e+17
ghost,Newspoll,2017-11-17 13:20:59,Thuringowa,false,46.0,0,N/A,N/A,9.315124913429052e+17
ghost,Newspoll,2017-11-17 13:20:22,Mansfield,true,40.0,37.0,7.0,0,9.315123351553924e+17
ghost,Newspoll,2017-11-17 13:20:22,Mansfield,true,40.0,37.0,7.0,0,9.315123351553924e+17
ghost,Newspoll,2017-11-17 13:19:26,Mansfield,false,52.0,48.0,N/A,N/A,9.315121031180616e+17
ghost,Newspoll,2017-11-17 13:17:39,Ipswich,false,57.0,0,N/A,N/A,9.315116541345916e+17
ghost,Newspoll,2017-11-17 13:17:39,Ipswich,false,57.0,0,N/A,N/A,9.315116541345916e+17
ghost,Newspoll,2017-11-17 13:17:02,Gaven,true,43.0,50.0,7.0,0,9.315114973640908e+17
ghost,Newspoll,2017-11-17 13:17:02,Gaven,true,43.0,50.0,7.0,0,9.315114973640908e+17
ghost,Newspoll,2017-11-17 13:15:49,Gaven,false,49.0,51.0,N/A,N/A,9.315111935875236e+17
ghost,Newspoll,2017-11-17 13:15:01,Bundaberg,true,33.0,37.0,4.0,0,9.315109899792384e+17
ghost,Newspoll,2017-11-17 13:14:01,Bundaberg,false,47.0,53.0,N/A,N/A,9.315107409633034e+17
ghost,Galaxy,2017-11-17 12:08:20,Bennelong,true,39.0,42.0,0,0,9.31494211429417e+17
ghost,Galaxy,2017-11-17 11:10:43,Bennelong,false,50.0,50.0,N/A,N/A,9.314797113010422e+17
ghost,ReachTEL,2017-11-17 06:17:03,Northcote,false,54.0,0,N/A,N/A,9.314058063852462e+17
ghost,Galaxy,2017-11-12 11:23:19,Burdekin,false,49.0,51.0,N/A,N/A,9.296709393059594e+17
ghost,Galaxy,2017-11-12 11:10:44,South,true,38.0,29.0,29.0,0,9.296677729461166e+17
ghost,Galaxy,2017-11-12 11:09:55,South,false,49.0,0,N/A,N/A,9.296675698411602e+17
ghost,Galaxy,2017-11-10 12:11:41,Logan,true,35.0,20.0,0,0,9.289583367660668e+17
ghost,Galaxy,2017-11-10 12:11:41,Logan,true,35.0,20.0,0,0,9.289583367660668e+17
ghost,Galaxy,2017-11-10 12:10:04,Logan,false,52.0,0,N/A,N/A,9.289579294237572e+17
ghost,Galaxy,2017-11-10 12:10:04,Logan,false,52.0,0,N/A,N/A,9.289579294237572e+17
ghost,Galaxy,2017-11-10 11:03:18,Rockhampton,false,58.0,42.0,N/A,N/A,9.289411263876056e+17
ghost,Galaxy,2017-11-10 11:03:18,Rockhampton,false,58.0,42.0,N/A,N/A,9.289411263876056e+17
ghost,Galaxy,2017-11-10 10:06:33,Hervey,false,45.0,55.0,N/A,N/A,9.289268483181896e+17
ghost,Galaxy,2017-11-10 09:03:48,Mundingburra,false,48.0,52.0,N/A,N/A,9.289110567846708e+17
ghost,Galaxy,2017-11-10 09:03:48,Mundingburra,false,48.0,52.0,N/A,N/A,9.289110567846708e+17
ghost,Galaxy,2017-11-10 08:02:47,Cairns,true,37.0,32.0,0,11.0,9.288956990217912e+17
ghost,Galaxy,2017-11-10 08:00:01,Cairns,false,54.0,46.0,N/A,N/A,9.288950019410904e+17
ghost,Galaxy,2017-11-10 08:00:01,Cairns,false,54.0,46.0,N/A,N/A,9.288950019410904e+17
ghost,Galaxy,2017-11-10 07:10:47,Bonney,true,39.0,45.0,0,0,9.288826124158198e+17
ghost,Galaxy,2017-11-10 07:09:33,Bonney,false,50.0,50.0,N/A,N/A,9.28882302171603e+17
ghost,Galaxy,2017-11-10 07:06:34,Glass,true,27.0,33.0,0,0,9.288815520790118e+17
ghost,Galaxy,2017-11-10 07:05:06,Glass,false,50.0,50.0,N/A,N/A,9.288811819987722e+17
ghost,ReachTEL,2017-11-09 08:02:40,Hartley,true,20.7,36.4,0,0,9.285332820645478e+17
ghost,ReachTEL,2017-11-09 07:41:36,Hartley,false,0,47.0,N/A,N/A,9.28527980388692e+17
ghost,ReachTEL,2017-10-23 06:31:37,Wentworth,true,27.9,45.0,13.2,0,9.223497757431726e+17
ghost,ReachTEL,2017-10-23 06:30:20,Wentworth,false,43.0,57.0,N/A,N/A,9.22349450458153e+17
ghost,ReachTEL,2017-10-23 06:29:40,Warringah,true,24.2,47.9,13.9,0,9.223492848459612e+17
ghost,ReachTEL,2017-10-23 06:29:06,Warringah,false,40.0,60.0,N/A,N/A,9.22349141232984e+17
ghost,ReachTEL,2017-10-23 06:27:12,Kooyong,false,43.0,57.0,N/A,N/A,9.223486635646772e+17
ghost,ReachTEL,2017-10-23 06:27:12,Kooyong,false,43.0,57.0,N/A,N/A,9.223486635646772e+17
ghost,ReachTEL,2017-10-11 07:38:53,Hartley,false,50.0,50.0,N/A,N/A,9.180180472725628e+17
ghost,ReachTEL,2017-10-11 07:38:53,Hartley,false,50.0,50.0,N/A,N/A,9.180180472725628e+17
ghost,Galaxy,2017-10-11 06:20:41,Hartley,true,17.0,38.0,6.0,0,9.179983702281176e+17
ghost,Galaxy,2017-10-11 06:20:41,Hartley,true,17.0,38.0,6.0,0,9.179983702281176e+17
ghost,Galaxy,2017-10-11 06:20:06,Hartley,false,0,47.0,N/A,N/A,9.179982212380672e+17
ghost,ReachTEL,2017-10-02 07:06:21,New England,false,0,0,N/A,N/A,9.14748371604267e+17
ghost,ReachTEL,2017-10-02 07:05:57,Hughes,true,30.1,41.3,5.8,0,9.14748268734591e+17
ghost,ReachTEL,2017-10-02 07:04:25,Hughes,false,42.0,58.0,N/A,N/A,9.147478824016692e+17
ghost,ReachTEL,2017-10-02 07:04:25,Hughes,false,42.0,58.0,N/A,N/A,9.147478824016692e+17
ghost,ReachTEL,2017-09-19 07:35:44,Shortland,true,44.7,26.4,7.8,0,9.1004472245393e+17
ghost,ReachTEL,2017-09-19 07:34:40,Shortland,false,58.0,42.0,N/A,N/A,9.100444552640758e+17
ghost,ReachTEL,2017-09-19 07:34:00,Hunter,true,44.1,0,7.3,21.9,9.10044288075014e+17
ghost,ReachTEL,2017-09-19 07:34:00,Hunter,true,44.1,0,7.3,21.9,9.10044288075014e+17
ghost,ReachTEL,2017-09-19 07:32:46,Hunter,false,60.0,0,N/A,N/A,9.100439759096463e+17
ghost,ReachTEL,2017-08-12 08:32:27,Warringah,false,40.0,60.0,N/A,N/A,8.962882573898998e+17
ghost,ReachTEL,2017-08-12 08:28:39,Warringah,true,22.5,49.4,11.1,0,8.962873004762235e+17
ghost,ReachTEL,2017-07-10 07:54:07,Wentworth,true,22.9,49.1,13.8,0,8.843198107624161e+17
ghost,ReachTEL,2017-07-10 07:53:26,Wentworth,false,39.0,61.0,N/A,N/A,8.843196409559122e+17
ghost,ReachTEL,2017-07-10 07:52:40,Sturt,true,24.9,44.2,8.8,0,8.843194448722534e+17
ghost,ReachTEL,2017-07-10 07:51:09,Sturt,false,44.0,56.0,N/A,N/A,8.84319063765246e+17
ghost,ReachTEL,2017-07-10 07:50:24,Kooyong,true,25.5,48.9,17.0,0,8.84318877831766e+17
ghost,ReachTEL,2017-07-10 07:49:05,Kooyong,false,44.0,56.0,N/A,N/A,8.843185452024955e+17
ghost,ReachTEL,2017-07-10 07:48:20,Flinders,true,26.9,43.9,11.3,0,8.843183573605827e+17
ghost,ReachTEL,2017-07-10 07:47:36,Flinders,false,46.0,54.0,N/A,N/A,8.843181729369375e+17
ghost,ReachTEL,2017-07-10 07:46:55,Dickson,true,26.1,39.8,10.5,0,8.843179984203448e+17
ghost,ReachTEL,2017-07-10 07:46:12,Dickson,false,44.0,56.0,N/A,N/A,8.843178200492114e+17
ghost,ReachTEL,2017-07-10 07:45:13,Curtin,true,22.0,58.2,10.4,0,8.843175716163543e+17
ghost,ReachTEL,2017-07-10 07:44:37,Curtin,false,35.0,65.0,N/A,N/A,8.843174186208051e+17
ghost,ReachTEL,2017-07-10 07:43:56,Cook,true,26.4,42.4,8.4,0,8.843172486717604e+17
ghost,ReachTEL,2017-07-10 07:43:15,Cook,false,37.0,63.0,N/A,N/A,8.843170776909619e+17
ghost,ReachTEL,2017-03-20 20:32:32,Dickson,true,29.2,35.4,9.4,0,8.439232334096507e+17
ghost,Galaxy,2017-03-15 13:34:49,Newland,true,26.0,33.0,6.0,0,8.420061708605768e+17
ghost,Galaxy,2017-03-15 13:34:22,Newland,false,50.0,50.0,N/A,N/A,8.420060568175043e+17
ghost,Galaxy,2017-03-15 13:34:01,Mawson,true,28.0,38.0,7.0,0,8.420059685483807e+17
ghost,Galaxy,2017-03-15 13:33:37,Mawson,false,49.0,51.0,N/A,N/A,8.42005867859927e+17
ghost,Galaxy,2017-03-15 13:33:16,Adelaide,true,27.0,38.0,9.0,0,8.420057805932298e+17
ghost,Galaxy,2017-03-15 13:32:49,Adelaide,false,48.0,52.0,N/A,N/A,8.420056692721418e+17
ghost,ReachTEL,2017-02-22 13:24:04,Wanneroo,false,54.0,46.0,N/A,N/A,8.343933189517599e+17
ghost,ReachTEL,2017-02-22 13:22:51,Southern,false,54.0,46.0,N/A,N/A,8.343930140594299e+17
ghost,ReachTEL,2017-02-22 13:21:47,Perth,false,59.0,41.0,N/A,N/A,8.343927474526659e+17
ghost,ReachTEL,2017-02-22 13:20:53,Mount,false,54.0,46.0,N/A,N/A,8.343925203353723e+17
ghost,ReachTEL,2017-02-22 13:20:03,Joondalup,false,52.0,48.0,N/A,N/A,8.34392308309037e+17
ghost,ReachTEL,2017-02-22 13:19:09,Bicton,false,51.0,49.0,N/A,N/A,8.343920811833057e+17
ghost,Galaxy,2017-02-19 10:50:04,Werribee,true,29.0,35.0,0,0,8.332674003760947e+17
ghost,Galaxy,2017-02-19 10:41:14,Werribee,false,49.0,51.0,N/A,N/A,8.332651774620754e+17
ghost,ReachTEL,2017-02-01 07:40:33,Joondalup,false,58.0,42.0,N/A,N/A,8.266967248905298e+17
ghost,ReachTEL,2016-07-01 08:21:04,Chisholm,false,51.0,49.0,N/A,N/A,7.487935295397683e+17
ghost,Galaxy,2016-06-24 14:53:47,McEwen,false,52.0,48.0,N/A,N/A,7.463556487245087e+17
ghost,Galaxy,2016-06-24 14:52:07,Dunkley,false,47.0,53.0,N/A,N/A,7.463552285182116e+17
ghost,Galaxy,2016-06-24 14:51:16,Corangamite,false,47.0,53.0,N/A,N/A,7.463550127673426e+17
ghost,Galaxy,2016-06-24 14:48:47,Bruce,false,52.0,48.0,N/A,N/A,7.46354390181675e+17
ghost,Galaxy,2016-06-24 14:47:16,Petrie,false,52.0,48.0,N/A,N/A,7.463540081938514e+17
ghost,Galaxy,2016-06-24 14:45:56,Griffith,false,53.0,47.0,N/A,N/A,7.463536707159081e+17
ghost,Galaxy,2016-06-24 14:44:40,Capicornia,false,51.0,49.0,N/A,N/A,7.463533531987313e+17
ghost,Galaxy,2016-06-24 14:43:03,Brisbane,false,48.0,52.0,N/A,N/A,7.463529471690916e+17
ghost,ReachTEL,2016-06-24 14:20:27,Lyons,false,55.0,45.0,N/A,N/A,7.463472574657331e+17
ghost,ReachTEL,2016-06-24 14:19:00,Franklin,false,59.0,41.0,N/A,N/A,7.463468931569009e+17
ghost,ReachTEL,2016-06-24 14:18:19,Denison,false,35.0,0,N/A,N/A,7.46346720984916e+17
ghost,ReachTEL,2016-06-24 14:17:48,Braddon,false,50.0,50.0,N/A,N/A,7.463465921316577e+17
ghost,ReachTEL,2016-06-24 14:16:57,Bass,false,50.0,50.0,N/A,N/A,7.46346379543384e+17
ghost,Galaxy,2016-06-24 13:51:10,Longman,false,47.0,53.0,N/A,N/A,7.463398890927923e+17
ghost,Galaxy,2016-06-24 13:49:43,Kennedy,false,0,42.0,N/A,N/A,7.463395229132841e+17
ghost,Galaxy,2016-06-24 13:46:59,Boothby,false,47.0,53.0,N/A,N/A,7.463388367922463e+17
ghost,Galaxy,2016-06-24 13:46:12,Hindmarsh,false,50.0,50.0,N/A,N/A,7.463386387917496e+17
ghost,Galaxy,2016-06-24 13:45:07,Reid,false,48.0,52.0,N/A,N/A,7.463383675964867e+17
ghost,Galaxy,2016-06-24 13:44:31,Macarthur,false,50.0,50.0,N/A,N/A,7.463382146133975e+17
ghost,Galaxy,2016-06-24 13:44:08,Lindsay,false,49.0,51.0,N/A,N/A,7.463381188448993e+17
ghost,Galaxy,2016-06-24 13:43:49,Gilmore,false,49.0,51.0,N/A,N/A,7.46338037634732e+17
ghost,Galaxy,2016-06-24 13:43:27,Dobell,false,49.0,51.0,N/A,N/A,7.463379467567432e+17
ghost,Galaxy,2016-06-24 13:42:11,Banks,false,48.0,52.0,N/A,N/A,7.463376278722028e+17
ghost,ReachTEL,2016-06-24 08:08:54,Cowper,false,0,0,N/A,N/A,7.462537550881423e+17
ghost,ReachTEL,2016-06-22 12:40:34,Page,false,54.0,0,N/A,N/A,7.45597344566018e+17
ghost,ReachTEL,2016-06-22 12:39:20,Macquarie,false,54.0,46.0,N/A,N/A,7.455970371948626e+17
ghost,ReachTEL,2016-06-22 12:38:38,Lindsay,false,54.0,46.0,N/A,N/A,7.455968613486428e+17
ghost,ReachTEL,2016-06-22 12:38:11,Gilmore,false,53.0,47.0,N/A,N/A,7.455967468189368e+17
ghost,ReachTEL,2016-06-22 12:37:45,Eden,false,55.0,45.0,N/A,N/A,7.455966375741604e+17
ghost,ReachTEL,2016-06-22 12:36:44,Dobell,false,53.0,47.0,N/A,N/A,7.455963814489866e+17
ghost,Newspoll,2016-06-19 14:06:59,New England,true,7.0,0,3.0,84.0,7.445319299663462e+17
ghost,Newspoll,2016-06-19 14:04:18,New England,false,0,0,N/A,N/A,7.445312554174382e+17
ghost,Newspoll,2016-06-18 02:13:26,Batman,true,34.0,23.0,34.0,0,7.439899728567747e+17
ghost,Newspoll,2016-06-17 14:26:39,Lindsay,false,47.0,53.0,N/A,N/A,7.438121018781204e+17
ghost,Newspoll,2016-06-17 14:25:19,Robertson,false,49.0,51.0,N/A,N/A,7.438117671013335e+17
ghost,Newspoll,2016-06-17 14:24:20,Macarthur,false,50.0,50.0,N/A,N/A,7.43811520987988e+17
ghost,Newspoll,2016-06-17 14:22:17,Bass,false,48.0,52.0,N/A,N/A,7.438110054660628e+17
ghost,Galaxy,2016-06-17 14:20:40,Sturt,false,0,58.0,N/A,N/A,7.438105965339853e+17
ghost,Newspoll,2016-06-17 14:18:31,Mayo,false,0,48.0,N/A,N/A,7.438100557581763e+17
ghost,Newspoll,2016-06-17 14:14:41,Batman,false,53.0,0,N/A,N/A,7.438090911186002e+17
ghost,Newspoll,2016-06-17 14:13:04,Corangamite,false,49.0,51.0,N/A,N/A,7.438086837217116e+17
ghost,Newspoll,2016-06-17 14:11:32,Dunkley,false,48.0,52.0,N/A,N/A,7.438082974933647e+17
ghost,Newspoll,2016-06-17 14:09:13,Burt,false,52.0,48.0,N/A,N/A,7.438077165235487e+17
ghost,Newspoll,2016-06-17 13:29:55,Herbert,false,46.0,54.0,N/A,N/A,7.437978278562693e+17
ghost,Newspoll,2016-06-17 13:28:52,Capricornia,false,50.0,50.0,N/A,N/A,7.437975608510792e+17
ghost,Newspoll,2016-06-17 13:27:58,Brisbane,false,49.0,51.0,N/A,N/A,7.437973365816279e+17
ghost,ReachTEL,2016-06-17 08:21:28,Hasluck,false,47.0,53.0,N/A,N/A,7.437202024460902e+17
ghost,ReachTEL,2016-06-10 08:10:27,Grey,false,0,46.0,N/A,N/A,7.411807164073574e+17
ghost,ReachTEL,2016-06-03 08:25:32,Longman,true,35.9,42.5,7.4,0,7.386477948486533e+17
ghost,ReachTEL,2016-06-03 08:07:24,Longman,false,50.0,50.0,N/A,N/A,7.386432332410716e+17
ghost,ReachTEL,2016-05-27 08:07:30,Corangamite,false,46.0,54.0,N/A,N/A,7.361065425592033e+17
ghost,ReachTEL,2016-05-20 08:23:25,Macarthur,false,51.0,49.0,N/A,N/A,7.335738345660744e+17
ghost,ReachTEL,2016-05-15 00:27:35,Lyons,true,29.2,45.8,13.3,0,7.31642143865856e+17
ghost,ReachTEL,2016-05-15 00:25:03,Lyons,false,45.9,54.1,N/A,N/A,7.316415068475597e+17
ghost,ReachTEL,2016-05-15 00:23:58,Franklin,true,34.3,40.7,15.9,0,7.316412359668244e+17
ghost,ReachTEL,2016-05-15 00:22:32,Franklin,false,53.1,46.9,N/A,N/A,7.316408730588856e+17
ghost,ReachTEL,2016-05-15 00:20:29,Denison,true,22.1,27.3,13.3,33.2,7.31640361131479e+17
ghost,ReachTEL,2016-05-15 00:17:18,Denison,false,0,34.0,N/A,N/A,7.316395584087982e+17
ghost,ReachTEL,2016-05-15 00:16:09,Braddon,true,34.4,46.4,6.6,0,7.316392686495048e+17
ghost,ReachTEL,2016-05-15 00:14:43,Braddon,false,46.7,53.3,N/A,N/A,7.316389070543626e+17
ghost,ReachTEL,2016-05-15 00:13:59,Bass,false,48.1,51.9,N/A,N/A,7.316387232389775e+17
ghost,ReachTEL,2016-05-15 00:12:29,Bass,true,36.0,46.2,9.7,0,7.316383454873846e+17
ghost,Galaxy,2016-05-14 00:41:57,Leichhardt,true,36.0,45.0,10.0,0,7.312833728492667e+17
ghost,Galaxy,2016-05-14 00:40:52,Leichhardt,false,48.0,52.0,N/A,N/A,7.312831022034207e+17
ghost,Galaxy,2016-05-14 00:32:57,Herbert,true,38.0,50.0,10.0,0,7.312811074092155e+17
ghost,Galaxy,2016-05-14 00:30:37,Herbert,false,47.0,53.0,N/A,N/A,7.312805206135194e+17
ghost,Galaxy,2016-05-14 00:17:16,Reid,false,49.0,51.0,N/A,N/A,7.312771613535109e+17
ghost,Galaxy,2016-05-14 00:07:53,Macarthur,true,42.0,41.0,0,0,7.31274800828584e+17
ghost,Galaxy,2016-05-14 00:07:16,Macarthur,false,51.0,49.0,N/A,N/A,7.312746431478866e+17
ghost,Galaxy,2016-05-14 00:04:28,Lindsay,true,34.0,44.0,0,0,7.312739405348413e+17
ghost,Galaxy,2016-05-14 00:03:42,Lindsay,false,46.0,54.0,N/A,N/A,7.312737492787855e+17
ghost,Galaxy,2016-05-14 00:00:44,Gilmore,true,35.0,44.0,0,0,7.312730013924762e+17
ghost,Galaxy,2016-05-14 00:00:01,Gilmore,false,49.0,51.0,N/A,N/A,7.312728205508362e+17
ghost,Galaxy,2016-05-13 23:55:59,Dobell,true,40.0,43.0,0,0,7.312718066197873e+17
ghost,Galaxy,2016-05-13 23:55:16,Dobell,false,50.0,50.0,N/A,N/A,7.312716258117222e+17
ghost,Galaxy,2016-05-13 23:52:22,Banks,true,41.0,44.0,0,0,7.312708953652838e+17
ghost,Galaxy,2016-05-13 23:52:01,Banks,false,50.0,50.0,N/A,N/A,7.312708065970668e+17
ghost,ReachTEL,2016-03-29 21:31:27,Indi,true,8.8,26.9,5.4,47.9,7.149279800956641e+17
ghost,Newspoll,2016-03-13 13:26:37,New England,true,7.0,0,0,90.0,7.090077621522268e+17
ghost,Newspoll,2016-03-13 13:24:25,New England,false,0,0,N/A,N/A,7.090072067131515e+17
ghost,ReachTEL,2016-02-28 13:38:00,New England,true,11.2,0,4.6,71.7,7.039371967854756e+17
ghost,Galaxy,2016-01-26 06:10:00,Fairfax,true,27.0,50.0,0,2.0,6.91865784595935e+17
ghost,Galaxy,2015-12-09 12:16:00,Canning,false,48.0,52.0,N/A,N/A,6.42673e+17
ghost,ReachTEL,2015-09-15 08:03:00,Canning,false,43.0,57.0,N/A,N/A,6.43697e+17
ghost,ReachTEL,2015-09-15 08:03:00,Canning,false,48.0,52.0,N/A,N/A,6.43697e+17
ghost,Ipsos,2015-09-13 09:09:00,Canning,true,36.0,45.0,9.0,2.0,6.42988e+17
ghost,Ipsos,2015-09-13 07:01:00,Canning,false,48.0,52.0,N/A,N/A,6.42956e+17
ghost,Newspoll,2015-08-17 12:20:00,Canning,true,36.0,41.0,11.0,0,6.33252e+17
ghost,Newspoll,2015-08-17 12:16:00,Canning,false,49.0,51.0,N/A,N/A,6.33251e+17
ghost,ReachTEL,2015-07-04 01:45:00,Swan,false,54.7,45.3,N/A,N/A,5.85257e+17
